{
  "b_hat_km": 221.65790967444448,
  "v_hat_km_per_myr": 75.870986336344,
  "v_hat_cm_per_year": 7.587098633634401,
  "v_95ci_km_per_myr": [
    72.57162384440761,
    79.1703488282804
  ],
  "v_95ci_cm_per_year": [
    7.257162384440761,
    7.91703488282804
  ],
  "rmse_km": 200.90560219201987,
  "r2": 0.9835385992174113,
  "sigma2_hat": 42737.358697558026,
  "se_b_km": 50.36210491778521,
  "se_v_km_per_myr": 1.6833482101716308,
  "numpy_lstsq_matches": true
}